        PU( 7683,4480);
        PD( 8390,4480);
        PU( 8390,4480);
        PD( 8390,4763);
        PU( 8390,4763);
        PD( 7683,4763);
        PU( 7683,4763);
        PD( 7683,4480);
        PU( 4969,2801);
        PD( 4969,2660);
        PU( 4969,2660);
        PD( 4969,2632);
        PU( 4969,2632);
        PD( 4998,2603);
        PU( 4998,2603);
        PD( 5026,2632);
        PU( 5026,2632);
        PD( 5040,2660);
        PU( 5040,2660);
        PD( 5040,2956);
        PU( 5040,2956);
        PD( 5026,2984);
        PU( 5026,2984);
        PD( 4998,3012);
        PU( 4998,3012);
        PD( 4969,2984);
        PU( 4969,2984);
        PD( 4969,2956);
        PU( 4969,2956);
        PD( 4969,2801);
        PU( 5040,2829);
        PD( 5040,2787);
        PU( 5040,2787);
        PD( 5054,2787);
        PU( 5054,2787);
        PD( 5054,2829);
        PU( 5054,2829);
        PD( 5040,2829);
        PU( 5054,2801);
        PD( 5054,2716);
        PU( 5054,2716);
        PD( 5082,2646);
        PU( 5082,2646);
        PD( 5153,2603);
        PU( 5153,2603);
        PD( 5280,2603);
        PU( 5280,2603);
        PD( 5350,2646);
        PU( 5350,2646);
        PD( 5379,2716);
        PU( 5379,2716);
        PD( 5379,2900);
        PU( 5379,2900);
        PD( 5350,2970);
        PU( 5350,2970);
        PD( 5280,3012);
        PU( 5280,3012);
        PD( 5153,3012);
        PU( 5153,3012);
        PD( 5082,2970);
        PU( 5082,2970);
        PD( 5054,2900);
        PU( 5054,2900);
        PD( 5054,2801);
        PU( 4969,2822);
        PD( 4969,2817);
        PD( 4968,2813);
        PD( 4967,2808);
        PD( 4966,2804);
        PD( 4964,2801);
        PD( 4961,2797);
        PD( 4958,2794);
        PD( 4955,2791);
        PU( 4955,2791);
        PD( 4952,2789);
        PD( 4948,2788);
        PD( 4945,2787);
        PD( 4941,2787);
        PD( 4938,2787);
        PD( 4934,2788);
        PD( 4930,2789);
        PD( 4927,2791);
        PU( 4927,2791);
        PD( 4924,2794);
        PD( 4921,2797);
        PD( 4919,2801);
        PD( 4917,2804);
        PD( 4915,2808);
        PD( 4914,2813);
        PD( 4913,2817);
        PD( 4913,2822);
        PU( 4955,2843);
        PD( 4941,2843);
        PU( 4941,2843);
        PD( 4941,2829);
        PU( 4941,2829);
        PD( 4927,2815);
        PU( 4927,2815);
        PD( 4927,2801);
        PU( 4927,2801);
        PD( 4941,2787);
        PU( 4941,2787);
        PD( 4955,2773);
        PU( 5305,2314);
        PD( 6039,2314);
        PU( 6039,2314);
        PD( 6039,3358);
        PU( 6039,3358);
        PD( 5305,3358);
        PU( 5305,3358);
        PD( 5305,2314);
        PU( 662,332);
        PD( 8833,332);
        PU( 8833,332);
        PD( 8833,6171);
        PU( 8833,6171);
        PD( 662,6171);
        PU( 662,6171);
        PD( 662,332);
        PU( 6914,2589);
        PD( 7887,2589);
        PU( 7887,2589);
        PD( 7887,3873);
        PU( 7887,3873);
        PD( 6914,3873);
        PU( 6914,3873);
        PD( 6914,2589);
        PU( 8268,4043);
        PD( 8226,4000);
        PU( 8226,4000);
        PD( 8198,3944);
        PU( 8198,3944);
        PD( 8184,3887);
        PU( 8184,3887);
        PD( 8198,3817);
        PU( 8198,3817);
        PD( 8226,3760);
        PU( 8226,3760);
        PD( 8395,3591);
        PU( 8395,3591);
        PD( 8452,3549);
        PU( 8452,3549);
        PD( 8522,3535);
        PU( 8522,3535);
        PD( 8593,3549);
        PU( 8593,3549);
        PD( 8649,3591);
        PU( 8649,3591);
        PD( 8720,3662);
        PU( 8720,3662);
        PD( 8762,3718);
        PU( 8762,3718);
        PD( 8776,3789);
        PU( 8776,3789);
        PD( 8762,3845);
        PU( 8762,3845);
        PD( 8720,3901);
        PU( 8720,3901);
        PD( 8551,4071);
        PU( 8551,4071);
        PD( 8494,4113);
        PU( 8494,4113);
        PD( 8424,4127);
        PU( 8424,4127);
        PD( 8353,4113);
        PU( 8353,4113);
        PD( 8297,4071);
        PU( 8297,4071);
        PD( 8268,4043);
        PU( 8297,3958);
        PD( 8240,3901);
        PU( 8240,3901);
        PD( 8212,3831);
        PU( 8212,3831);
        PD( 8240,3774);
        PU( 8240,3774);
        PD( 8410,3605);
        PU( 8410,3605);
        PD( 8480,3577);
        PU( 8480,3577);
        PD( 8537,3605);
        PU( 8537,3605);
        PD( 8649,3704);
        PU( 8649,3704);
        PD( 8678,3774);
        PU( 8678,3774);
        PD( 8649,3831);
        PU( 8649,3831);
        PD( 8480,4000);
        PU( 8480,4000);
        PD( 8410,4028);
        PU( 8410,4028);
        PD( 8353,4000);
        PU( 8353,4000);
        PD( 8297,3958);
        PU( 8487,3097);
        PD( 8523,3101);
        PD( 8556,3110);
        PD( 8586,3126);
        PD( 8612,3147);
        PD( 8633,3172);
        PD( 8650,3201);
        PD( 8660,3232);
        PD( 8664,3266);
        PU( 8664,3266);
        PD( 8660,3301);
        PD( 8650,3332);
        PD( 8633,3361);
        PD( 8612,3386);
        PD( 8586,3407);
        PD( 8556,3422);
        PD( 8523,3432);
        PD( 8487,3436);
        PU( 8487,3436);
        PD( 8452,3432);
        PD( 8419,3422);
        PD( 8389,3407);
        PD( 8362,3386);
        PD( 8341,3361);
        PD( 8325,3332);
        PD( 8314,3301);
        PD( 8311,3266);
        PU( 8311,3266);
        PD( 8314,3232);
        PD( 8325,3201);
        PD( 8341,3172);
        PD( 8362,3147);
        PD( 8389,3126);
        PD( 8419,3110);
        PD( 8452,3101);
        PD( 8487,3097);
        PU( 8487,3125);
        PD( 8514,3128);
        PD( 8539,3136);
        PD( 8562,3149);
        PD( 8582,3167);
        PD( 8598,3188);
        PD( 8611,3212);
        PD( 8618,3238);
        PD( 8621,3266);
        PU( 8621,3266);
        PD( 8618,3295);
        PD( 8611,3321);
        PD( 8598,3345);
        PD( 8582,3366);
        PD( 8562,3383);
        PD( 8539,3396);
        PD( 8514,3405);
        PD( 8487,3408);
        PU( 8487,3408);
        PD( 8460,3405);
        PD( 8435,3396);
        PD( 8412,3383);
        PD( 8392,3366);
        PD( 8376,3345);
        PD( 8364,3321);
        PD( 8356,3295);
        PD( 8353,3266);
        PU( 8353,3266);
        PD( 8356,3238);
        PD( 8364,3212);
        PD( 8376,3188);
        PD( 8392,3167);
        PD( 8412,3149);
        PD( 8435,3136);
        PD( 8460,3128);
        PD( 8487,3125);
        PU( 6625,2109);
        PD( 6660,2113);
        PD( 6693,2123);
        PD( 6723,2140);
        PD( 6749,2161);
        PD( 6771,2187);
        PD( 6787,2217);
        PD( 6797,2250);
        PD( 6801,2286);
        PU( 6801,2286);
        PD( 6797,2321);
        PD( 6787,2354);
        PD( 6771,2384);
        PD( 6749,2411);
        PD( 6723,2432);
        PD( 6693,2448);
        PD( 6660,2459);
        PD( 6625,2462);
        PU( 6625,2462);
        PD( 6589,2459);
        PD( 6556,2448);
        PD( 6526,2432);
        PD( 6500,2411);
        PD( 6478,2384);
        PD( 6462,2354);
        PD( 6452,2321);
        PD( 6448,2286);
        PU( 6448,2286);
        PD( 6452,2250);
        PD( 6462,2217);
        PD( 6478,2187);
        PD( 6500,2161);
        PD( 6526,2140);
        PD( 6556,2123);
        PD( 6589,2113);
        PD( 6625,2109);
        PU( 6625,2152);
        PD( 6652,2154);
        PD( 6677,2162);
        PD( 6700,2175);
        PD( 6719,2191);
        PD( 6736,2211);
        PD( 6748,2234);
        PD( 6756,2259);
        PD( 6759,2286);
        PU( 6759,2286);
        PD( 6756,2313);
        PD( 6748,2338);
        PD( 6736,2361);
        PD( 6719,2381);
        PD( 6700,2397);
        PD( 6677,2409);
        PD( 6652,2417);
        PD( 6625,2420);
        PU( 6625,2420);
        PD( 6598,2417);
        PD( 6572,2409);
        PD( 6550,2397);
        PD( 6530,2381);
        PD( 6513,2361);
        PD( 6501,2338);
        PD( 6493,2313);
        PD( 6491,2286);
        PU( 6491,2286);
        PD( 6493,2259);
        PD( 6501,2234);
        PD( 6513,2211);
        PD( 6530,2191);
        PD( 6550,2175);
        PD( 6572,2162);
        PD( 6598,2154);
        PD( 6625,2152);
        PU( 5503,402);
        PD( 5503,642);
        PU( 5503,642);
        PD( 6829,642);
        PU( 6829,642);
        PD( 6829,402);
        PU( 663,2314);
        PD( 3090,2314);
        PU( 3090,2314);
        PD( 3979,1425);
        PU( 3979,1425);
        PD( 3979,339);
        PU( 3163,2234);
        PD( 3890,1504);
        PU( 3890,1504);
        PD( 3976,1576);
        PU( 3976,1576);
        PD( 3249,2305);
        PU( 3249,2305);
        PD( 3163,2234);
        PU( 3189,2274);
        PD( 3556,1905);
        PU( 3919,1566);
        PD( 3582,1905);
        PU( 2681,6103);
        PD( 2681,5341);
        PU( 2681,5341);
        PD( 1425,5341);
        PU( 1425,5341);
        PD( 1425,4536);
        PU( 1425,4536);
        PD( 790,4536);
        PU( 790,4536);
        PD( 790,6103);
        PU( 790,6103);
        PD( 2681,6103);
        PU( 988,4833);
        PD( 1016,4833);
        PU( 1016,4833);
        PD( 1016,5115);
        PU( 1016,5115);
        PD( 988,5115);
        PU( 988,5115);
        PD( 988,4833);
        PU( 959,4804);
        PD( 1072,4804);
        PU( 1072,4804);
        PD( 1072,5157);
        PU( 1072,5157);
        PD( 959,5157);
        PU( 959,5157);
        PD( 959,4804);
        PU( 917,4748);
        PD( 1228,4748);
        PU( 1228,4748);
        PD( 1228,5200);
        PU( 1228,5200);
        PD( 917,5200);
        PU( 917,5200);
        PD( 917,4748);
        PU( 1044,5129);
        PD( 1044,4833);
        PU( 1016,5214);
        PD( 959,5214);
        PU( 1863,5750);
        PD( 2243,5750);
        PU( 2243,5750);
        PD( 2243,6074);
        PU( 2243,6074);
        PD( 1863,6074);
        PU( 1863,6074);
        PD( 1863,5750);
        PU( 1947,5834);
        PD( 2159,5834);
        PU( 2159,5834);
        PD( 2159,6103);
        PU( 2159,6103);
        PD( 1947,6103);
        PU( 1947,6103);
        PD( 1947,5834);
        PU( 2159,5834);
        PD( 2215,5778);
        PU( 2215,5778);
        PD( 1891,5778);
        PU( 1891,5778);
        PD( 1947,5834);
        PU( 1947,5834);
        PD( 2159,5834);
        PU( 1891,5707);
        PD( 2215,5707);
        PU( 2215,5707);
        PD( 2215,5764);
        PU( 2215,5764);
        PD( 1891,5764);
        PU( 1891,5764);
        PD( 1891,5707);
        PU( 2102,5905);
        PD( 2102,6046);
        PU( 2046,5905);
        PD( 2046,6046);
        PU( 1990,5905);
        PD( 1990,6046);
        PU( 1820,5510);
        PD( 2286,5510);
        PU( 2286,5510);
        PD( 2286,5679);
        PU( 2286,5679);
        PD( 1820,5679);
        PU( 1820,5679);
        PD( 1820,5510);
        PU( 1863,5538);
        PD( 2243,5538);
        PU( 2243,5538);
        PD( 2243,5651);
        PU( 2243,5651);
        PD( 1863,5651);
        PU( 1863,5651);
        PD( 1863,5538);
        PU( 1688,5517);
        PD( 1648,5523);
        PD( 1614,5530);
        PD( 1585,5538);
        PD( 1563,5547);
        PD( 1548,5557);
        PD( 1539,5567);
        PD( 1539,5578);
        PD( 1546,5588);
        PU( 1546,5588);
        PD( 1560,5599);
        PD( 1582,5608);
        PD( 1610,5616);
        PD( 1643,5623);
        PD( 1680,5629);
        PD( 1722,5633);
        PD( 1766,5636);
        PD( 1813,5637);
        PU( 1679,5383);
        PD( 1750,5454);
        PU( 1750,5454);
        PD( 1637,5566);
        PU( 1637,5566);
        PD( 1566,5496);
        PU( 1566,5496);
        PD( 1679,5383);
        PU( 1637,5454);
        PD( 1679,5496);
        PU( 1679,5496);
        PD( 1637,5524);
        PU( 1637,5524);
        PD( 1609,5496);
        PU( 1609,5496);
        PD( 1637,5454);
        PU( 2681,2448);
        PD( 2681,3224);
        PU( 2681,3224);
        PD( 1425,3224);
        PU( 1425,3224);
        PD( 1425,4000);
        PU( 1425,4000);
        PD( 790,4000);
        PU( 790,4000);
        PD( 790,2448);
        PU( 790,2448);
        PD( 2681,2448);
        PU( 1002,3422);
        PD( 1030,3422);
        PU( 1030,3422);
        PD( 1030,3704);
        PU( 1030,3704);
        PD( 1002,3704);
        PU( 1002,3704);
        PD( 1002,3422);
        PU( 974,3379);
        PD( 1086,3379);
        PU( 1086,3379);
        PD( 1086,3746);
        PU( 1086,3746);
        PD( 974,3746);
        PU( 974,3746);
        PD( 974,3379);
        PU( 931,3337);
        PD( 1242,3337);
        PU( 1242,3337);
        PD( 1242,3789);
        PU( 1242,3789);
        PD( 931,3789);
        PU( 931,3789);
        PD( 931,3337);
        PU( 1058,3422);
        PD( 1058,3718);
        PU( 1030,3309);
        PD( 974,3309);
        PU( 1863,2462);
        PD( 2243,2462);
        PU( 2243,2462);
        PD( 2243,2801);
        PU( 2243,2801);
        PD( 1863,2801);
        PU( 1863,2801);
        PD( 1863,2462);
        PU( 1947,2448);
        PD( 2159,2448);
        PU( 2159,2448);
        PD( 2159,2702);
        PU( 2159,2702);
        PD( 1947,2702);
        PU( 1947,2702);
        PD( 1947,2448);
        PU( 2159,2730);
        PD( 2215,2773);
        PU( 2215,2773);
        PD( 1891,2773);
        PU( 1891,2773);
        PD( 1947,2730);
        PU( 1947,2730);
        PD( 2159,2730);
        PU( 1891,2773);
        PD( 2215,2773);
        PU( 2215,2773);
        PD( 2215,2843);
        PU( 2215,2843);
        PD( 1891,2843);
        PU( 1891,2843);
        PD( 1891,2773);
        PU( 2102,2646);
        PD( 2102,2505);
        PU( 2046,2646);
        PD( 2046,2505);
        PU( 1990,2646);
        PD( 1990,2505);
        PU( 1820,2871);
        PD( 2286,2871);
        PU( 2286,2871);
        PD( 2286,3041);
        PU( 2286,3041);
        PD( 1820,3041);
        PU( 1820,3041);
        PD( 1820,2871);
        PU( 1863,2900);
        PD( 2243,2900);
        PU( 2243,2900);
        PD( 2243,2998);
        PU( 2243,2998);
        PD( 1863,2998);
        PU( 1863,2998);
        PD( 1863,2900);
        PU( 1813,2914);
        PD( 1766,2915);
        PD( 1722,2917);
        PD( 1680,2922);
        PD( 1643,2927);
        PD( 1610,2934);
        PD( 1582,2943);
        PD( 1560,2952);
        PD( 1546,2962);
        PU( 1546,2962);
        PD( 1539,2973);
        PD( 1539,2984);
        PD( 1548,2994);
        PD( 1563,3004);
        PD( 1585,3013);
        PD( 1614,3021);
        PD( 1648,3028);
        PD( 1688,3034);
        PU( 1679,3168);
        PD( 1750,3097);
        PU( 1750,3097);
        PD( 1637,2998);
        PU( 1637,2998);
        PD( 1566,3069);
        PU( 1566,3069);
        PD( 1679,3168);
        PU( 1637,3097);
        PD( 1679,3055);
        PU( 1679,3055);
        PD( 1637,3027);
        PU( 1637,3027);
        PD( 1609,3055);
        PU( 1609,3055);
        PD( 1637,3097);
        PU( 790,4028);
        PD( 1439,4028);
        PU( 1439,4028);
        PD( 1439,4508);
        PU( 1439,4508);
        PD( 790,4508);
        PU( 790,4508);
        PD( 790,4028);
        PU( 861,4395);
        PD( 1213,4395);
        PU( 1213,4395);
        PD( 1213,4466);
        PU( 1213,4466);
        PD( 861,4466);
        PU( 861,4466);
        PD( 861,4395);
        PU( 1143,4099);
        PD( 1270,4099);
        PU( 1270,4099);
        PD( 1270,4381);
        PU( 1270,4381);
        PD( 1143,4381);
        PU( 1143,4381);
        PD( 1143,4099);
        PU( 1185,4325);
        PD( 1213,4325);
        PU( 1213,4325);
        PD( 1213,4339);
        PU( 1213,4339);
        PD( 1185,4339);
        PU( 1185,4339);
        PD( 1185,4325);
        PU( 847,4085);
        PD( 1143,4085);
        PU( 1143,4085);
        PD( 1143,4395);
        PU( 1143,4395);
        PD( 847,4395);
        PU( 847,4395);
        PD( 847,4085);
        PU( 847,4141);
        PD( 875,4141);
        PU( 875,4141);
        PD( 875,4339);
        PU( 875,4339);
        PD( 847,4339);
        PU( 847,4339);
        PD( 847,4141);
        PU( 889,4141);
        PD( 889,4141);
        PU( 889,4141);
        PD( 889,4339);
        PU( 889,4339);
        PD( 889,4339);
        PU( 889,4339);
        PD( 889,4141);
        PU( 931,4325);
        PD( 1101,4325);
        PU( 931,4311);
        PD( 1101,4311);
        PU( 931,4282);
        PD( 1101,4282);
        PU( 931,4254);
        PD( 1101,4254);
        PU( 931,4240);
        PD( 1101,4240);
        PU( 931,4212);
        PD( 1086,4212);
        PU( 931,4184);
        PD( 1086,4184);
        PU( 931,4155);
        PD( 1101,4155);
        PU( 1284,4141);
        PD( 1383,4141);
        PU( 1383,4141);
        PD( 1383,4353);
        PU( 1383,4353);
        PD( 1284,4353);
        PU( 1284,4353);
        PD( 1284,4141);
        PU( 931,4141);
        PD( 1101,4141);
        PU( 1101,4141);
        PD( 1101,4339);
        PU( 1101,4339);
        PD( 931,4339);
        PU( 931,4339);
        PD( 931,4141);
        PU( 1213,4438);
        PD( 861,4438);
        PU( 1326,4282);
        PD( 1326,4282);
        PU( 1326,4282);
        PD( 1326,4325);
        PU( 1326,4325);
        PD( 1326,4325);
        PU( 1326,4325);
        PD( 1326,4282);
        PU( 1284,4311);
        PD( 1340,4311);
        PU( 1340,4311);
        PD( 1340,4325);
        PU( 1340,4325);
        PD( 1284,4325);
        PU( 1284,4325);
        PD( 1284,4311);
        PU( 1326,4155);
        PD( 1326,4155);
        PU( 1326,4155);
        PD( 1326,4212);
        PU( 1326,4212);
        PD( 1326,4212);
        PU( 1326,4212);
        PD( 1326,4155);
        PU( 1284,4155);
        PD( 1340,4155);
        PU( 1340,4155);
        PD( 1340,4170);
        PU( 1340,4170);
        PD( 1284,4170);
        PU( 1284,4170);
        PD( 1284,4155);
        PU( 1397,1312);
        PD( 1398,1287);
        PD( 1402,1262);
        PD( 1408,1238);
        PD( 1416,1215);
        PD( 1427,1193);
        PD( 1440,1171);
        PD( 1454,1151);
        PD( 1471,1133);
        PU( 1471,1133);
        PD( 1490,1116);
        PD( 1510,1101);
        PD( 1531,1088);
        PD( 1554,1078);
        PD( 1577,1069);
        PD( 1601,1063);
        PD( 1626,1059);
        PD( 1651,1058);
        PU( 1651,1058);
        PD( 2935,1058);
        PU( 2935,1058);
        PD( 2960,1059);
        PD( 2985,1063);
        PD( 3009,1069);
        PD( 3032,1078);
        PD( 3054,1088);
        PD( 3076,1101);
        PD( 3096,1116);
        PD( 3114,1133);
        PU( 3114,1133);
        PD( 3131,1151);
        PD( 3146,1171);
        PD( 3159,1193);
        PD( 3170,1215);
        PD( 3178,1238);
        PD( 3184,1262);
        PD( 3188,1287);
        PD( 3189,1312);
        PU( 3189,1312);
        PD( 3189,1369);
        PU( 3189,1369);
        PD( 3188,1394);
        PD( 3184,1418);
        PD( 3178,1443);
        PD( 3170,1466);
        PD( 3159,1488);
        PD( 3146,1510);
        PD( 3131,1530);
        PD( 3114,1548);
        PU( 3114,1548);
        PD( 3096,1565);
        PD( 3076,1580);
        PD( 3054,1593);
        PD( 3032,1603);
        PD( 3009,1612);
        PD( 2985,1618);
        PD( 2960,1621);
        PD( 2935,1623);
        PU( 2935,1623);
        PD( 1651,1623);
        PU( 1651,1623);
        PD( 1626,1621);
        PD( 1601,1618);
        PD( 1577,1612);
        PD( 1554,1603);
        PD( 1531,1593);
        PD( 1510,1580);
        PD( 1490,1565);
        PD( 1471,1548);
        PU( 1471,1548);
        PD( 1454,1530);
        PD( 1440,1510);
        PD( 1427,1488);
        PD( 1416,1466);
        PD( 1408,1443);
        PD( 1402,1418);
        PD( 1398,1394);
        PD( 1397,1369);
        PU( 1397,1369);
        PD( 1397,1312);
        PU( 7182,459);
        PD( 7718,459);
        PU( 7718,459);
        PD( 7718,825);
        PU( 7718,825);
        PD( 7182,825);
        PU( 7182,825);
        PD( 7182,459);
        PU( 7182,825);
        PD( 7718,825);
        PU( 7718,825);
        PD( 7718,896);
        PU( 7718,896);
        PD( 7182,896);
        PU( 7182,896);
        PD( 7182,825);
        PU( 7182,868);
        PD( 7704,868);
        PU( 7859,515);
        PD( 7902,515);
        PU( 7902,515);
        PD( 7902,727);
        PU( 7902,727);
        PD( 7859,727);
        PU( 7859,727);
        PD( 7859,515);
        PU( 7718,501);
        PD( 7859,501);
        PU( 7859,501);
        PD( 7859,741);
        PU( 7859,741);
        PD( 7718,741);
        PU( 7718,741);
        PD( 7718,501);
        PU( 7535,670);
        PD( 7380,670);
        PU( 6942,515);
        PD( 7182,515);
        PU( 7182,515);
        PD( 7182,727);
        PU( 7182,727);
        PD( 6942,727);
        PU( 6942,727);
        PD( 6942,515);
        PU( 6999,670);
        PD( 7182,670);
        PU( 7182,670);
        PD( 7182,698);
        PU( 7182,698);
        PD( 6999,698);
        PU( 6999,698);
        PD( 6999,670);
        PU( 6999,543);
        PD( 7182,543);
        PU( 7182,543);
        PD( 7182,571);
        PU( 7182,571);
        PD( 6999,571);
        PU( 6999,571);
        PD( 6999,543);
        PU( 7281,487);
        PD( 7619,487);
        PU( 7619,487);
        PD( 7619,713);
        PU( 7619,713);
        PD( 7281,713);
        PU( 7281,713);
        PD( 7281,487);
        PU( 7591,741);
        PD( 7634,741);
        PU( 7634,741);
        PD( 7634,783);
        PU( 7634,783);
        PD( 7591,783);
        PU( 7591,783);
        PD( 7591,741);
        PU( 7330,755);
        PD( 7332,755);
        PD( 7333,755);
        PD( 7334,756);
        PD( 7335,757);
        PD( 7336,758);
        PD( 7337,759);
        PD( 7337,761);
        PD( 7337,762);
        PU( 7337,762);
        PD( 7337,763);
        PD( 7337,765);
        PD( 7336,766);
        PD( 7335,767);
        PD( 7334,768);
        PD( 7333,768);
        PD( 7332,769);
        PD( 7330,769);
        PU( 7330,769);
        PD( 7329,769);
        PD( 7327,768);
        PD( 7326,768);
        PD( 7325,767);
        PD( 7324,766);
        PD( 7324,765);
        PD( 7323,763);
        PD( 7323,762);
        PU( 7323,762);
        PD( 7323,761);
        PD( 7324,759);
        PD( 7324,758);
        PD( 7325,757);
        PD( 7326,756);
        PD( 7327,755);
        PD( 7329,755);
        PD( 7330,755);
        PU( 7408,755);
        PD( 7408,755);
        PD( 7408,755);
        PD( 7408,756);
        PD( 7408,757);
        PD( 7408,758);
        PD( 7408,759);
        PD( 7408,761);
        PD( 7408,762);
        PU( 7408,762);
        PD( 7408,763);
        PD( 7408,765);
        PD( 7408,766);
        PD( 7408,767);
        PD( 7408,768);
        PD( 7408,768);
        PD( 7408,769);
        PD( 7408,769);
        PU( 7408,769);
        PD( 7408,769);
        PD( 7408,768);
        PD( 7408,768);
        PD( 7408,767);
        PD( 7408,766);
        PD( 7408,765);
        PD( 7408,763);
        PD( 7408,762);
        PU( 7408,762);
        PD( 7408,761);
        PD( 7408,759);
        PD( 7408,758);
        PD( 7408,757);
        PD( 7408,756);
        PD( 7408,755);
        PD( 7408,755);
        PD( 7408,755);
        PU( 7478,755);
        PD( 7478,755);
        PD( 7478,755);
        PD( 7478,756);
        PD( 7478,757);
        PD( 7478,758);
        PD( 7478,759);
        PD( 7478,761);
        PD( 7478,762);
        PU( 7478,762);
        PD( 7478,763);
        PD( 7478,765);
        PD( 7478,766);
        PD( 7478,767);
        PD( 7478,768);
        PD( 7478,768);
        PD( 7478,769);
        PD( 7478,769);
        PU( 7478,769);
        PD( 7478,769);
        PD( 7478,768);
        PD( 7478,768);
        PD( 7478,767);
        PD( 7478,766);
        PD( 7478,765);
        PD( 7478,763);
        PD( 7478,762);
        PU( 7478,762);
        PD( 7478,761);
        PD( 7478,759);
        PD( 7478,758);
        PD( 7478,757);
        PD( 7478,756);
        PD( 7478,755);
        PD( 7478,755);
        PD( 7478,755);
        PU( 7542,755);
        PD( 7543,755);
        PD( 7545,755);
        PD( 7546,756);
        PD( 7547,757);
        PD( 7548,758);
        PD( 7548,759);
        PD( 7549,761);
        PD( 7549,762);
        PU( 7549,762);
        PD( 7549,763);
        PD( 7548,765);
        PD( 7548,766);
        PD( 7547,767);
        PD( 7546,768);
        PD( 7545,768);
        PD( 7543,769);
        PD( 7542,769);
        PU( 7542,769);
        PD( 7540,769);
        PD( 7539,768);
        PD( 7538,768);
        PD( 7537,767);
        PD( 7536,766);
        PD( 7535,765);
        PD( 7535,763);
        PD( 7535,762);
        PU( 7535,762);
        PD( 7535,761);
        PD( 7535,759);
        PD( 7536,758);
        PD( 7537,757);
        PD( 7538,756);
        PD( 7539,755);
        PD( 7540,755);
        PD( 7542,755);
        PU( 8544,1968);
        PD( 8559,1970);
        PD( 8574,1974);
        PD( 8587,1982);
        PD( 8598,1991);
        PD( 8608,2003);
        PD( 8615,2016);
        PD( 8620,2030);
        PD( 8621,2046);
        PU( 8621,2046);
        PD( 8620,2062);
        PD( 8615,2076);
        PD( 8608,2089);
        PD( 8598,2101);
        PD( 8587,2110);
        PD( 8574,2117);
        PD( 8559,2122);
        PD( 8544,2124);
        PU( 8544,2124);
        PD( 8528,2122);
        PD( 8513,2117);
        PD( 8500,2110);
        PD( 8489,2101);
        PD( 8479,2089);
        PD( 8472,2076);
        PD( 8468,2062);
        PD( 8466,2046);
        PU( 8466,2046);
        PD( 8468,2030);
        PD( 8472,2016);
        PD( 8479,2003);
        PD( 8489,1991);
        PD( 8500,1982);
        PD( 8513,1974);
        PD( 8528,1970);
        PD( 8544,1968);
        PU( 8678,1912);
        PD( 8551,2053);
        PU( 8720,1912);
        PD( 8635,1954);
        PU( 8607,1982);
        PD( 8621,1898);
        PU( 8649,1968);
        PD( 8565,2025);
        PU( 8551,2039);
        PD( 8593,1968);
        PU( 8678,2194);
        PD( 8551,2053);
        PU( 8720,2194);
        PD( 8635,2138);
        PU( 8607,2109);
        PD( 8621,2208);
        PU( 8649,2124);
        PD( 8565,2081);
        PU( 8551,2053);
        PD( 8593,2124);
        PU( 8748,2053);
        PD( 8551,2053);
        PU( 8776,2025);
        PD( 8678,2039);
        PU( 8635,2053);
        PD( 8706,2095);
        PU( 8678,2025);
        PD( 8593,2053);
        PU( 8565,2053);
        PD( 8635,2067);
        PU( 8353,2053);
        PD( 8551,2053);
        PU( 8339,2025);
        PD( 8424,2053);
        PU( 8466,2053);
        PD( 8395,2095);
        PU( 8424,2025);
        PD( 8522,2053);
        PU( 8537,2053);
        PD( 8466,2081);
        PU( 8424,1912);
        PD( 8551,2053);
        PU( 8381,1912);
        PD( 8466,1954);
        PU( 8494,1997);
        PD( 8480,1898);
        PU( 8452,1968);
        PD( 8537,2025);
        PU( 8551,2039);
        PD( 8522,1968);
        PU( 8424,2194);
        PD( 8551,2053);
        PU( 8381,2194);
        PD( 8466,2138);
        PU( 8494,2109);
        PD( 8480,2208);
        PU( 8452,2124);
        PD( 8537,2081);
        PU( 8551,2067);
        PD( 8522,2138);
        PU( 8551,1855);
        PD( 8551,2053);
        PU( 8522,1827);
        PD( 8551,1926);
        PU( 8551,1968);
        PD( 8593,1884);
        PU( 8522,1926);
        PD( 8551,2011);
        PU( 8551,2039);
        PD( 8565,1968);
        PU( 8551,2251);
        PD( 8551,2053);
        PU( 8522,2279);
        PD( 8551,2180);
        PU( 8551,2124);
        PD( 8593,2208);
        PU( 8522,2180);
        PD( 8551,2081);
        PU( 8551,2053);
        PD( 8565,2138);
        PU( 2958,-289);
        PD( 2962,-287);
        PD( 2966,-280);
        PD( 2970,-269);
        PD( 2973,-255);
        PD( 2975,-238);
        PD( 2977,-218);
        PD( 2979,-196);
        PD( 2979,-173);
        PU( 2979,-173);
        PD( 2979,-149);
        PD( 2977,-128);
        PD( 2975,-108);
        PD( 2973,-91);
        PD( 2970,-76);
        PD( 2966,-66);
        PD( 2962,-59);
        PD( 2958,-56);
        PU( 2958,-56);
        PD( 2954,-59);
        PD( 2950,-66);
        PD( 2946,-76);
        PD( 2943,-91);
        PD( 2940,-108);
        PD( 2938,-128);
        PD( 2937,-149);
        PD( 2937,-173);
        PU( 2937,-173);
        PD( 2937,-196);
        PD( 2938,-218);
        PD( 2940,-238);
        PD( 2943,-255);
        PD( 2946,-269);
        PD( 2950,-280);
        PD( 2954,-287);
        PD( 2958,-289);
        PU( 1665,713);
        PD( 1947,713);
        PU( 1947,713);
        PD( 1947,932);
        PU( 1947,932);
        PD( 1665,932);
        PU( 1665,932);
        PD( 1665,713);
        PU( 1799,670);
        PD( 1832,671);
        PD( 1862,673);
        PD( 1890,677);
        PD( 1914,682);
        PD( 1934,687);
        PD( 1949,694);
        PD( 1958,701);
        PD( 1961,709);
        PU( 1961,709);
        PD( 1958,717);
        PD( 1949,724);
        PD( 1934,731);
        PD( 1914,736);
        PD( 1890,741);
        PD( 1862,745);
        PD( 1832,747);
        PD( 1799,748);
        PU( 1799,748);
        PD( 1766,747);
        PD( 1736,745);
        PD( 1708,741);
        PD( 1684,736);
        PD( 1664,731);
        PD( 1650,724);
        PD( 1640,717);
        PD( 1637,709);
        PU( 1637,709);
        PD( 1640,701);
        PD( 1650,694);
        PD( 1664,687);
        PD( 1684,682);
        PD( 1708,677);
        PD( 1736,673);
        PD( 1766,671);
        PD( 1799,670);
        PU( 1667,727);
        PD( 1671,729);
        PD( 1675,736);
        PD( 1679,747);
        PD( 1682,761);
        PD( 1684,778);
        PD( 1686,798);
        PD( 1688,820);
        PD( 1688,843);
        PU( 1688,843);
        PD( 1688,867);
        PD( 1686,888);
        PD( 1684,908);
        PD( 1682,925);
        PD( 1679,940);
        PD( 1675,950);
        PD( 1671,957);
        PD( 1667,959);
        PU( 1667,959);
        PD( 1663,957);
        PD( 1659,950);
        PD( 1655,940);
        PD( 1652,925);
        PD( 1649,908);
        PD( 1647,888);
        PD( 1646,867);
        PD( 1646,843);
        PU( 1646,843);
        PD( 1646,820);
        PD( 1647,798);
        PD( 1649,778);
        PD( 1652,761);
        PD( 1655,747);
        PD( 1659,736);
        PD( 1663,729);
        PD( 1667,727);
        PU( 1949,727);
        PD( 1953,729);
        PD( 1957,736);
        PD( 1961,747);
        PD( 1964,761);
        PD( 1967,778);
        PD( 1968,798);
        PD( 1970,820);
        PD( 1970,843);
        PU( 1970,843);
        PD( 1970,867);
        PD( 1968,888);
        PD( 1967,908);
        PD( 1964,925);
        PD( 1961,940);
        PD( 1957,950);
        PD( 1953,957);
        PD( 1949,959);
        PU( 1949,959);
        PD( 1945,957);
        PD( 1941,950);
        PD( 1937,940);
        PD( 1934,925);
        PD( 1931,908);
        PD( 1929,888);
        PD( 1928,867);
        PD( 1928,843);
        PU( 1928,843);
        PD( 1928,820);
        PD( 1929,798);
        PD( 1931,778);
        PD( 1934,761);
        PD( 1937,747);
        PD( 1941,736);
        PD( 1945,729);
        PD( 1949,727);
        PU( 2159,713);
        PD( 2441,713);
        PU( 2441,713);
        PD( 2441,932);
        PU( 2441,932);
        PD( 2159,932);
        PU( 2159,932);
        PD( 2159,713);
        PU( 2293,670);
        PD( 2326,671);
        PD( 2356,673);
        PD( 2384,677);
        PD( 2408,682);
        PD( 2427,687);
        PD( 2442,694);
        PD( 2452,701);
        PD( 2455,709);
        PU( 2455,709);
        PD( 2452,717);
        PD( 2442,724);
        PD( 2427,731);
        PD( 2408,736);
        PD( 2384,741);
        PD( 2356,745);
        PD( 2326,747);
        PD( 2293,748);
        PU( 2293,748);
        PD( 2260,747);
        PD( 2230,745);
        PD( 2202,741);
        PD( 2178,736);
        PD( 2158,731);
        PD( 2143,724);
        PD( 2134,717);
        PD( 2131,709);
        PU( 2131,709);
        PD( 2134,701);
        PD( 2143,694);
        PD( 2158,687);
        PD( 2178,682);
        PD( 2202,677);
        PD( 2230,673);
        PD( 2260,671);
        PD( 2293,670);
        PU( 2161,727);
        PD( 2165,729);
        PD( 2169,736);
        PD( 2172,747);
        PD( 2176,761);
        PD( 2178,778);
        PD( 2180,798);
        PD( 2181,820);
        PD( 2182,843);
        PU( 2182,843);
        PD( 2181,867);
        PD( 2180,888);
        PD( 2178,908);
        PD( 2176,925);
        PD( 2172,940);
        PD( 2169,950);
        PD( 2165,957);
        PD( 2161,959);
        PU( 2161,959);
        PD( 2156,957);
        PD( 2152,950);
        PD( 2149,940);
        PD( 2146,925);
        PD( 2143,908);
        PD( 2141,888);
        PD( 2140,867);
        PD( 2139,843);
        PU( 2139,843);
        PD( 2140,820);
        PD( 2141,798);
        PD( 2143,778);
        PD( 2146,761);
        PD( 2149,747);
        PD( 2152,736);
        PD( 2156,729);
        PD( 2161,727);
        PU( 2443,727);
        PD( 2447,729);
        PD( 2451,736);
        PD( 2455,747);
        PD( 2458,761);
        PD( 2460,778);
        PD( 2462,798);
        PD( 2464,820);
        PD( 2464,843);
        PU( 2464,843);
        PD( 2464,867);
        PD( 2462,888);
        PD( 2460,908);
        PD( 2458,925);
        PD( 2455,940);
        PD( 2451,950);
        PD( 2447,957);
        PD( 2443,959);
        PU( 2443,959);
        PD( 2439,957);
        PD( 2435,950);
        PD( 2431,940);
        PD( 2428,925);
        PD( 2425,908);
        PD( 2423,888);
        PD( 2422,867);
        PD( 2422,843);
        PU( 2422,843);
        PD( 2422,820);
        PD( 2423,798);
        PD( 2425,778);
        PD( 2428,761);
        PD( 2431,747);
        PD( 2435,736);
        PD( 2439,729);
        PD( 2443,727);
        PU( 2653,713);
        PD( 2935,713);
        PU( 2935,713);
        PD( 2935,932);
        PU( 2935,932);
        PD( 2653,932);
        PU( 2653,932);
        PD( 2653,713);
        PU( 2787,670);
        PD( 2819,671);
        PD( 2850,673);
        PD( 2877,677);
        PD( 2901,682);
        PD( 2921,687);
        PD( 2936,694);
        PD( 2946,701);
        PD( 2949,709);
        PU( 2949,709);
        PD( 2946,717);
        PD( 2936,724);
        PD( 2921,731);
        PD( 2901,736);
        PD( 2877,741);
        PD( 2850,745);
        PD( 2819,747);
        PD( 2787,748);
        PU( 2787,748);
        PD( 2754,747);
        PD( 2724,745);
        PD( 2696,741);
        PD( 2672,736);
        PD( 2652,731);
        PD( 2637,724);
        PD( 2628,717);
        PD( 2624,709);
        PU( 2624,709);
        PD( 2628,701);
        PD( 2637,694);
        PD( 2652,687);
        PD( 2672,682);
        PD( 2696,677);
        PD( 2724,673);
        PD( 2754,671);
        PD( 2787,670);
        PU( 2654,727);
        PD( 2659,729);
        PD( 2663,736);
        PD( 2666,747);
        PD( 2669,761);
        PD( 2672,778);
        PD( 2674,798);
        PD( 2675,820);
        PD( 2676,843);
        PU( 2676,843);
        PD( 2675,867);
        PD( 2674,888);
        PD( 2672,908);
        PD( 2669,925);
        PD( 2666,940);
        PD( 2663,950);
        PD( 2659,957);
        PD( 2654,959);
        PU( 2654,959);
        PD( 2650,957);
        PD( 2646,950);
        PD( 2643,940);
        PD( 2640,925);
        PD( 2637,908);
        PD( 2635,888);
        PD( 2634,867);
        PD( 2633,843);
        PU( 2633,843);
        PD( 2634,820);
        PD( 2635,798);
        PD( 2637,778);
        PD( 2640,761);
        PD( 2643,747);
        PD( 2646,736);
        PD( 2650,729);
        PD( 2654,727);
        PU( 2937,727);
        PD( 2941,729);
        PD( 2945,736);
        PD( 2949,747);
        PD( 2952,761);
        PD( 2954,778);
        PD( 2956,798);
        PD( 2957,820);
        PD( 2958,843);
        PU( 2958,843);
        PD( 2957,867);
        PD( 2956,888);
        PD( 2954,908);
        PD( 2952,925);
        PD( 2949,940);
        PD( 2945,950);
        PD( 2941,957);
        PD( 2937,959);
        PU( 2937,959);
        PD( 2932,957);
        PD( 2928,950);
        PD( 2925,940);
        PD( 2922,925);
        PD( 2919,908);
        PD( 2917,888);
        PD( 2916,867);
        PD( 2916,843);
        PU( 2916,843);
        PD( 2916,820);
        PD( 2917,798);
        PD( 2919,778);
        PD( 2922,761);
        PD( 2925,747);
        PD( 2928,736);
        PD( 2932,729);
        PD( 2937,727);
        PU( 1665,1975);
        PD( 1947,1975);
        PU( 1947,1975);
        PD( 1947,1756);
        PU( 1947,1756);
        PD( 1665,1756);
        PU( 1665,1756);
        PD( 1665,1975);
        PU( 1799,2018);
        PD( 1832,2017);
        PD( 1862,2015);
        PD( 1890,2011);
        PD( 1914,2006);
        PD( 1934,2001);
        PD( 1949,1994);
        PD( 1958,1987);
        PD( 1961,1979);
        PU( 1961,1979);
        PD( 1958,1971);
        PD( 1949,1964);
        PD( 1934,1957);
        PD( 1914,1951);
        PD( 1890,1947);
        PD( 1862,1943);
        PD( 1832,1941);
        PD( 1799,1940);
        PU( 1799,1940);
        PD( 1766,1941);
        PD( 1736,1943);
        PD( 1708,1947);
        PD( 1684,1951);
        PD( 1664,1957);
        PD( 1650,1964);
        PD( 1640,1971);
        PD( 1637,1979);
        PU( 1637,1979);
        PD( 1640,1987);
        PD( 1650,1994);
        PD( 1664,2001);
        PD( 1684,2006);
        PD( 1708,2011);
        PD( 1736,2015);
        PD( 1766,2017);
        PD( 1799,2018);
        PU( 1667,1961);
        PD( 1671,1959);
        PD( 1675,1952);
        PD( 1679,1941);
        PD( 1682,1927);
        PD( 1684,1910);
        PD( 1686,1890);
        PD( 1688,1868);
        PD( 1688,1845);
        PU( 1688,1845);
        PD( 1688,1821);
        PD( 1686,1800);
        PD( 1684,1780);
        PD( 1682,1763);
        PD( 1679,1748);
        PD( 1675,1738);
        PD( 1671,1731);
        PD( 1667,1728);
        PU( 1667,1728);
        PD( 1663,1731);
        PD( 1659,1738);
        PD( 1655,1748);
        PD( 1652,1763);
        PD( 1649,1780);
        PD( 1647,1800);
        PD( 1646,1821);
        PD( 1646,1845);
        PU( 1646,1845);
        PD( 1646,1868);
        PD( 1647,1890);
        PD( 1649,1910);
        PD( 1652,1927);
        PD( 1655,1941);
        PD( 1659,1952);
        PD( 1663,1959);
        PD( 1667,1961);
        PU( 1949,1961);
        PD( 1953,1959);
        PD( 1957,1952);
        PD( 1961,1941);
        PD( 1964,1927);
        PD( 1967,1910);
        PD( 1968,1890);
        PD( 1970,1868);
        PD( 1970,1845);
        PU( 1970,1845);
        PD( 1970,1821);
        PD( 1968,1800);
        PD( 1967,1780);
        PD( 1964,1763);
        PD( 1961,1748);
        PD( 1957,1738);
        PD( 1953,1731);
        PD( 1949,1728);
        PU( 1949,1728);
        PD( 1945,1731);
        PD( 1941,1738);
        PD( 1937,1748);
        PD( 1934,1763);
        PD( 1931,1780);
        PD( 1929,1800);
        PD( 1928,1821);
        PD( 1928,1845);
        PU( 1928,1845);
        PD( 1928,1868);
        PD( 1929,1890);
        PD( 1931,1910);
        PD( 1934,1927);
        PD( 1937,1941);
        PD( 1941,1952);
        PD( 1945,1959);
        PD( 1949,1961);
        PU( 2159,1975);
        PD( 2441,1975);
        PU( 2441,1975);
        PD( 2441,1756);
        PU( 2441,1756);
        PD( 2159,1756);
        PU( 2159,1756);
        PD( 2159,1975);
        PU( 2293,2018);
        PD( 2326,2017);
        PD( 2356,2015);
        PD( 2384,2011);
        PD( 2408,2006);
        PD( 2427,2001);
        PD( 2442,1994);
        PD( 2452,1987);
        PD( 2455,1979);
        PU( 2455,1979);
        PD( 2452,1971);
        PD( 2442,1964);
        PD( 2427,1957);
        PD( 2408,1951);
        PD( 2384,1947);
        PD( 2356,1943);
        PD( 2326,1941);
        PD( 2293,1940);
        PU( 2293,1940);
        PD( 2260,1941);
        PD( 2230,1943);
        PD( 2202,1947);
        PD( 2178,1951);
        PD( 2158,1957);
        PD( 2143,1964);
        PD( 2134,1971);
        PD( 2131,1979);
        PU( 2131,1979);
        PD( 2134,1987);
        PD( 2143,1994);
        PD( 2158,2001);
        PD( 2178,2006);
        PD( 2202,2011);
        PD( 2230,2015);
        PD( 2260,2017);
        PD( 2293,2018);
        PU( 2161,1961);
        PD( 2165,1959);
        PD( 2169,1952);
        PD( 2172,1941);
        PD( 2176,1927);
        PD( 2178,1910);
        PD( 2180,1890);
        PD( 2181,1868);
        PD( 2182,1845);
        PU( 2182,1845);
        PD( 2181,1821);
        PD( 2180,1800);
        PD( 2178,1780);
        PD( 2176,1763);
        PD( 2172,1748);
        PD( 2169,1738);
        PD( 2165,1731);
        PD( 2161,1728);
        PU( 2161,1728);
        PD( 2156,1731);
        PD( 2152,1738);
        PD( 2149,1748);
        PD( 2146,1763);
        PD( 2143,1780);
        PD( 2141,1800);
        PD( 2140,1821);
        PD( 2139,1845);
        PU( 2139,1845);
        PD( 2140,1868);
        PD( 2141,1890);
        PD( 2143,1910);
        PD( 2146,1927);
        PD( 2149,1941);
        PD( 2152,1952);
        PD( 2156,1959);
        PD( 2161,1961);
        PU( 2443,1961);
        PD( 2447,1959);
        PD( 2451,1952);
        PD( 2455,1941);
        PD( 2458,1927);
        PD( 2460,1910);
        PD( 2462,1890);
        PD( 2464,1868);
        PD( 2464,1845);
        PU( 2464,1845);
        PD( 2464,1821);
        PD( 2462,1800);
        PD( 2460,1780);
        PD( 2458,1763);
        PD( 2455,1748);
        PD( 2451,1738);
        PD( 2447,1731);
        PD( 2443,1728);
        PU( 2443,1728);
        PD( 2439,1731);
        PD( 2435,1738);
        PD( 2431,1748);
        PD( 2428,1763);
        PD( 2425,1780);
        PD( 2423,1800);
        PD( 2422,1821);
        PD( 2422,1845);
        PU( 2422,1845);
        PD( 2422,1868);
        PD( 2423,1890);
        PD( 2425,1910);
        PD( 2428,1927);
        PD( 2431,1941);
        PD( 2435,1952);
        PD( 2439,1959);
        PD( 2443,1961);
        PU( 2653,1975);
        PD( 2935,1975);
        PU( 2935,1975);
        PD( 2935,1756);
        PU( 2935,1756);
        PD( 2653,1756);
        PU( 2653,1756);
        PD( 2653,1975);
        PU( 2787,2018);
        PD( 2819,2017);
        PD( 2850,2015);
        PD( 2877,2011);
        PD( 2901,2006);
        PD( 2921,2001);
        PD( 2936,1994);
        PD( 2946,1987);
        PD( 2949,1979);
        PU( 2949,1979);
        PD( 2946,1971);
        PD( 2936,1964);
        PD( 2921,1957);
        PD( 2901,1951);
        PD( 2877,1947);
        PD( 2850,1943);
        PD( 2819,1941);
        PD( 2787,1940);
        PU( 2787,1940);
        PD( 2754,1941);
        PD( 2724,1943);
        PD( 2696,1947);
        PD( 2672,1951);
        PD( 2652,1957);
        PD( 2637,1964);
        PD( 2628,1971);
        PD( 2624,1979);
        PU( 2624,1979);
        PD( 2628,1987);
        PD( 2637,1994);
        PD( 2652,2001);
        PD( 2672,2006);
        PD( 2696,2011);
        PD( 2724,2015);
        PD( 2754,2017);
        PD( 2787,2018);
        PU( 2654,1961);
        PD( 2659,1959);
        PD( 2663,1952);
        PD( 2666,1941);
        PD( 2669,1927);
        PD( 2672,1910);
        PD( 2674,1890);
        PD( 2675,1868);
        PD( 2676,1845);
        PU( 2676,1845);
        PD( 2675,1821);
        PD( 2674,1800);
        PD( 2672,1780);
        PD( 2669,1763);
        PD( 2666,1748);
        PD( 2663,1738);
        PD( 2659,1731);
        PD( 2654,1728);
        PU( 2654,1728);
        PD( 2650,1731);
        PD( 2646,1738);
        PD( 2643,1748);
        PD( 2640,1763);
        PD( 2637,1780);
        PD( 2635,1800);
        PD( 2634,1821);
        PD( 2633,1845);
        PU( 2633,1845);
        PD( 2634,1868);
        PD( 2635,1890);
        PD( 2637,1910);
        PD( 2640,1927);
        PD( 2643,1941);
        PD( 2646,1952);
        PD( 2650,1959);
        PD( 2654,1961);
        PU( 2937,1961);
        PD( 2941,1959);
        PD( 2945,1952);
        PD( 2949,1941);
        PD( 2952,1927);
        PD( 2954,1910);
        PD( 2956,1890);
        PD( 2957,1868);
        PD( 2958,1845);
        PU( 2958,1845);
        PD( 2957,1821);
        PD( 2956,1800);
        PD( 2954,1780);
        PD( 2952,1763);
        PD( 2949,1748);
        PD( 2945,1738);
        PD( 2941,1731);
        PD( 2937,1728);
        PU( 2937,1728);
        PD( 2932,1731);
        PD( 2928,1738);
        PD( 2925,1748);
        PD( 2922,1763);
        PD( 2919,1780);
        PD( 2917,1800);
        PD( 2916,1821);
        PD( 2916,1845);
        PU( 2916,1845);
        PD( 2916,1868);
        PD( 2917,1890);
        PD( 2919,1910);
        PD( 2922,1927);
        PD( 2925,1941);
        PD( 2928,1952);
        PD( 2932,1959);
        PD( 2937,1961);
        PU( 1066,1493);
        PD( 1066,1211);
        PU( 1066,1211);
        PD( 1286,1211);
        PU( 1286,1211);
        PD( 1286,1493);
        PU( 1286,1493);
        PD( 1066,1493);
        PU( 1024,1359);
        PD( 1025,1326);
        PD( 1027,1296);
        PD( 1031,1268);
        PD( 1035,1244);
        PD( 1041,1225);
        PD( 1048,1210);
        PD( 1055,1200);
        PD( 1063,1197);
        PU( 1063,1197);
        PD( 1071,1200);
        PD( 1078,1210);
        PD( 1084,1225);
        PD( 1090,1244);
        PD( 1095,1268);
        PD( 1098,1296);
        PD( 1101,1326);
        PD( 1101,1359);
        PU( 1101,1359);
        PD( 1101,1392);
        PD( 1098,1422);
        PD( 1095,1450);
        PD( 1090,1474);
        PD( 1084,1494);
        PD( 1078,1509);
        PD( 1071,1518);
        PD( 1063,1521);
        PU( 1063,1521);
        PD( 1055,1518);
        PD( 1048,1509);
        PD( 1041,1494);
        PD( 1035,1474);
        PD( 1031,1450);
        PD( 1027,1422);
        PD( 1025,1392);
        PD( 1024,1359);
        PU( 1080,1491);
        PD( 1083,1487);
        PD( 1089,1483);
        PD( 1100,1479);
        PD( 1114,1476);
        PD( 1132,1474);
        PD( 1151,1472);
        PD( 1173,1471);
        PD( 1197,1470);
        PU( 1197,1470);
        PD( 1220,1471);
        PD( 1242,1472);
        PD( 1262,1474);
        PD( 1279,1476);
        PD( 1293,1479);
        PD( 1304,1483);
        PD( 1311,1487);
        PD( 1313,1491);
        PU( 1313,1491);
        PD( 1311,1496);
        PD( 1304,1500);
        PD( 1293,1503);
        PD( 1279,1506);
        PD( 1262,1509);
        PD( 1242,1511);
        PD( 1220,1512);
        PD( 1197,1512);
        PU( 1197,1512);
        PD( 1173,1512);
        PD( 1151,1511);
        PD( 1132,1509);
        PD( 1114,1506);
        PD( 1100,1503);
        PD( 1089,1500);
        PD( 1083,1496);
        PD( 1080,1491);
        PU( 1080,1209);
        PD( 1083,1205);
        PD( 1089,1201);
        PD( 1100,1197);
        PD( 1114,1194);
        PD( 1132,1192);
        PD( 1151,1190);
        PD( 1173,1188);
        PD( 1197,1188);
        PU( 1197,1188);
        PD( 1220,1188);
        PD( 1242,1190);
        PD( 1262,1192);
        PD( 1279,1194);
        PD( 1293,1197);
        PD( 1304,1201);
        PD( 1311,1205);
        PD( 1313,1209);
        PU( 1313,1209);
        PD( 1311,1213);
        PD( 1304,1217);
        PD( 1293,1221);
        PD( 1279,1224);
        PD( 1262,1227);
        PD( 1242,1229);
        PD( 1220,1230);
        PD( 1197,1230);
        PU( 1197,1230);
        PD( 1173,1230);
        PD( 1151,1229);
        PD( 1132,1227);
        PD( 1114,1224);
        PD( 1100,1221);
        PD( 1089,1217);
        PD( 1083,1213);
        PD( 1080,1209);
        PU( 3543,1493);
        PD( 3543,1211);
        PU( 3543,1211);
        PD( 3323,1211);
        PU( 3323,1211);
        PD( 3323,1493);
        PU( 3323,1493);
        PD( 3543,1493);
        PU( 3585,1359);
        PD( 3584,1326);
        PD( 3582,1296);
        PD( 3578,1268);
        PD( 3573,1244);
        PD( 3568,1225);
        PD( 3561,1210);
        PD( 3554,1200);
        PD( 3546,1197);
        PU( 3546,1197);
        PD( 3538,1200);
        PD( 3531,1210);
        PD( 3524,1225);
        PD( 3519,1244);
        PD( 3514,1268);
        PD( 3510,1296);
        PD( 3508,1326);
        PD( 3507,1359);
        PU( 3507,1359);
        PD( 3508,1392);
        PD( 3510,1422);
        PD( 3514,1450);
        PD( 3519,1474);
        PD( 3524,1494);
        PD( 3531,1509);
        PD( 3538,1518);
        PD( 3546,1521);
        PU( 3546,1521);
        PD( 3554,1518);
        PD( 3561,1509);
        PD( 3568,1494);
        PD( 3573,1474);
        PD( 3578,1450);
        PD( 3582,1422);
        PD( 3584,1392);
        PD( 3585,1359);
        PU( 3528,1491);
        PD( 3526,1487);
        PD( 3519,1483);
        PD( 3509,1479);
        PD( 3494,1476);
        PD( 3477,1474);
        PD( 3457,1472);
        PD( 3435,1471);
        PD( 3412,1470);
        PU( 3412,1470);
        PD( 3389,1471);
        PD( 3367,1472);
        PD( 3347,1474);
        PD( 3330,1476);
        PD( 3315,1479);
        PD( 3305,1483);
        PD( 3298,1487);
        PD( 3296,1491);
        PU( 3296,1491);
        PD( 3298,1496);
        PD( 3305,1500);
        PD( 3315,1503);
        PD( 3330,1506);
        PD( 3347,1509);
        PD( 3367,1511);
        PD( 3389,1512);
        PD( 3412,1512);
        PU( 3412,1512);
        PD( 3435,1512);
        PD( 3457,1511);
        PD( 3477,1509);
        PD( 3494,1506);
        PD( 3509,1503);
        PD( 3519,1500);
        PD( 3526,1496);
        PD( 3528,1491);
        PU( 3528,1209);
        PD( 3526,1205);
        PD( 3519,1201);
        PD( 3509,1197);
        PD( 3494,1194);
        PD( 3477,1192);
        PD( 3457,1190);
        PD( 3435,1188);
        PD( 3412,1188);
        PU( 3412,1188);
        PD( 3389,1188);
        PD( 3367,1190);
        PD( 3347,1192);
        PD( 3330,1194);
        PD( 3315,1197);
        PD( 3305,1201);
        PD( 3298,1205);
        PD( 3296,1209);
        PU( 3296,1209);
        PD( 3298,1213);
        PD( 3305,1217);
        PD( 3315,1221);
        PD( 3330,1224);
        PD( 3347,1227);
        PD( 3367,1229);
        PD( 3389,1230);
        PD( 3412,1230);
        PU( 3412,1230);
        PD( 3435,1230);
        PD( 3457,1229);
        PD( 3477,1227);
        PD( 3494,1224);
        PD( 3509,1221);
        PD( 3519,1217);
        PD( 3526,1213);
        PD( 3528,1209);
        PU( 4162,431);
        PD( 4162,911);
        PU( 4170,925);
        PD( 4206,923);
        PD( 4243,916);
        PD( 4278,904);
        PD( 4313,888);
        PD( 4346,868);
        PD( 4377,843);
        PD( 4406,815);
        PD( 4434,783);
        PU( 4434,783);
        PD( 4459,747);
        PD( 4481,708);
        PD( 4499,668);
        PD( 4515,625);
        PD( 4527,580);
        PD( 4536,534);
        PD( 4542,486);
        PD( 4543,438);
        PU( 4924,431);
        PD( 4924,911);
        PU( 4543,438);
        PD( 4545,486);
        PD( 4551,534);
        PD( 4560,580);
        PD( 4572,625);
        PD( 4587,668);
        PD( 4606,708);
        PD( 4628,747);
        PD( 4653,783);
        PU( 4653,783);
        PD( 4680,815);
        PD( 4710,843);
        PD( 4741,868);
        PD( 4774,888);
        PD( 4809,904);
        PD( 4844,916);
        PD( 4880,923);
        PD( 4917,925);
        PU( 4162,339);
        PD( 4939,339);
        PU( 4939,339);
        PD( 4939,428);
        PU( 4939,428);
        PD( 4162,428);
        PU( 4162,428);
        PD( 4162,339);
        PU( 8459,5603);
        PD( 8479,5605);
        PD( 8497,5611);
        PD( 8514,5621);
        PD( 8529,5634);
        PD( 8541,5649);
        PD( 8550,5667);
        PD( 8556,5687);
        PD( 8558,5709);
        PU( 8558,5709);
        PD( 8556,5730);
        PD( 8550,5750);
        PD( 8541,5768);
        PD( 8529,5783);
        PD( 8514,5796);
        PD( 8497,5806);
        PD( 8479,5812);
        PD( 8459,5814);
        PU( 8459,5814);
        PD( 8439,5812);
        PD( 8420,5806);
        PD( 8404,5796);
        PD( 8389,5783);
        PD( 8377,5768);
        PD( 8368,5750);
        PD( 8362,5730);
        PD( 8360,5709);
        PU( 8360,5709);
        PD( 8362,5687);
        PD( 8368,5667);
        PD( 8377,5649);
        PD( 8389,5634);
        PD( 8404,5621);
        PD( 8420,5611);
        PD( 8439,5605);
        PD( 8459,5603);
        PU( 8628,5532);
        PD( 8459,5716);
        PU( 8685,5532);
        PD( 8572,5589);
        PU( 8529,5631);
        PD( 8558,5518);
        PU( 8600,5617);
        PD( 8487,5673);
        PU( 8473,5702);
        PD( 8515,5617);
        PU( 8628,5885);
        PD( 8459,5716);
        PU( 8685,5885);
        PD( 8572,5829);
        PU( 8529,5786);
        PD( 8558,5899);
        PU( 8600,5814);
        PD( 8487,5744);
        PU( 8473,5730);
        PD( 8515,5814);
        PU( 8713,5716);
        PD( 8473,5716);
        PU( 8741,5673);
        PD( 8628,5702);
        PU( 8572,5716);
        PD( 8671,5772);
        PU( 8628,5687);
        PD( 8515,5716);
        PU( 8473,5716);
        PD( 8572,5744);
        PU( 8219,5716);
        PD( 8459,5716);
        PU( 8191,5687);
        PD( 8304,5716);
        PU( 8360,5716);
        PD( 8261,5772);
        PU( 8304,5687);
        PD( 8417,5716);
        PU( 8445,5716);
        PD( 8360,5744);
        PU( 8304,5532);
        PD( 8473,5716);
        PU( 8247,5532);
        PD( 8360,5603);
        PU( 8403,5645);
        PD( 8374,5518);
        PU( 8346,5617);
        PD( 8445,5687);
        PU( 8473,5702);
        PD( 8417,5617);
        PU( 8304,5899);
        PD( 8473,5716);
        PU( 8247,5899);
        PD( 8360,5829);
        PU( 8403,5786);
        PD( 8374,5913);
        PU( 8346,5814);
        PD( 8445,5744);
        PU( 8473,5730);
        PD( 8417,5814);
        PU( 8459,5462);
        PD( 8459,5716);
        PU( 8431,5433);
        PD( 8459,5546);
        PU( 8459,5617);
        PD( 8515,5504);
        PU( 8431,5546);
        PD( 8459,5673);
        PU( 8459,5702);
        PD( 8487,5603);
        PU( 8459,5955);
        PD( 8459,5716);
        PU( 8431,5998);
        PD( 8459,5871);
        PU( 8459,5814);
        PD( 8515,5913);
        PU( 8431,5871);
        PD( 8459,5758);
        PU( 8459,5716);
        PD( 8487,5814);
        PU( 2737,5454);
        PD( 3217,5454);
        PU( 3217,5454);
        PD( 3217,6103);
        PU( 3217,6103);
        PD( 2737,6103);
        PU( 2737,6103);
        PD( 2737,5454);
        PU( 3104,5679);
        PD( 3175,5679);
        PU( 3175,5679);
        PD( 3175,6032);
        PU( 3175,6032);
        PD( 3104,6032);
        PU( 3104,6032);
        PD( 3104,5679);
        PU( 2808,5623);
        PD( 3090,5623);
        PU( 3090,5623);
        PD( 3090,5750);
        PU( 3090,5750);
        PD( 2808,5750);
        PU( 2808,5750);
        PD( 2808,5623);
        PU( 3034,5679);
        PD( 3048,5679);
        PU( 3048,5679);
        PD( 3048,5707);
        PU( 3048,5707);
        PD( 3034,5707);
        PU( 3034,5707);
        PD( 3034,5679);
        PU( 2794,5764);
        PD( 3104,5764);
        PU( 3104,5764);
        PD( 3104,6046);
        PU( 3104,6046);
        PD( 2794,6046);
        PU( 2794,6046);
        PD( 2794,5764);
        PU( 2850,6018);
        PD( 3048,6018);
        PU( 3048,6018);
        PD( 3048,6046);
        PU( 3048,6046);
        PD( 2850,6046);
        PU( 2850,6046);
        PD( 2850,6018);
        PU( 2850,6004);
        PD( 3048,6004);
        PU( 3048,6004);
        PD( 3048,6004);
        PU( 3048,6004);
        PD( 2850,6004);
        PU( 2850,6004);
        PD( 2850,6004);
        PU( 3034,5961);
        PD( 3034,5806);
        PU( 3020,5961);
        PD( 3020,5806);
        PU( 2991,5961);
        PD( 2991,5806);
        PU( 2963,5961);
        PD( 2963,5806);
        PU( 2949,5961);
        PD( 2949,5806);
        PU( 2921,5961);
        PD( 2921,5806);
        PU( 2893,5961);
        PD( 2893,5806);
        PU( 2864,5961);
        PD( 2864,5806);
        PU( 2850,5510);
        PD( 3062,5510);
        PU( 3062,5510);
        PD( 3062,5609);
        PU( 3062,5609);
        PD( 2850,5609);
        PU( 2850,5609);
        PD( 2850,5510);
        PU( 2850,5792);
        PD( 3048,5792);
        PU( 3048,5792);
        PD( 3048,5961);
        PU( 3048,5961);
        PD( 2850,5961);
        PU( 2850,5961);
        PD( 2850,5792);
        PU( 3147,5679);
        PD( 3147,6032);
        PU( 2991,5566);
        PD( 3034,5566);
        PU( 3034,5566);
        PD( 3034,5566);
        PU( 3034,5566);
        PD( 2991,5566);
        PU( 2991,5566);
        PD( 2991,5566);
        PU( 3020,5566);
        PD( 3034,5566);
        PU( 3034,5566);
        PD( 3034,5609);
        PU( 3034,5609);
        PD( 3020,5609);
        PU( 3020,5609);
        PD( 3020,5566);
        PU( 2864,5566);
        PD( 2921,5566);
        PU( 2921,5566);
        PD( 2921,5566);
        PU( 2921,5566);
        PD( 2864,5566);
        PU( 2864,5566);
        PD( 2864,5566);
        PU( 2864,5566);
        PD( 2878,5566);
        PU( 2878,5566);
        PD( 2878,5609);
        PU( 2878,5609);
        PD( 2864,5609);
        PU( 2864,5609);
        PD( 2864,5566);
        PU( 5475,2914);
        PD( 5475,2448);
        PU( 5475,2448);
        PD( 5644,2448);
        PU( 5644,2448);
        PD( 5644,2914);
        PU( 5644,2914);
        PD( 5475,2914);
        PU( 5503,2885);
        PD( 5503,2490);
        PU( 5503,2490);
        PD( 5616,2490);
        PU( 5616,2490);
        PD( 5616,2885);
        PU( 5616,2885);
        PD( 5503,2885);
        PU( 5602,2928);
        PD( 5602,2970);
        PU( 5602,2970);
        PD( 5602,3012);
        PU( 5602,3012);
        PD( 5602,3041);
        PU( 5602,3041);
        PD( 5588,3083);
        PU( 5588,3083);
        PD( 5588,3125);
        PU( 5588,3125);
        PD( 5559,3154);
        PU( 5559,3154);
        PD( 5545,3182);
        PU( 5545,3182);
        PD( 5531,3182);
        PU( 5531,3182);
        PD( 5517,3182);
        PU( 5517,3182);
        PD( 5503,3168);
        PU( 5503,3168);
        PD( 5503,3154);
        PU( 5503,3154);
        PD( 5489,3125);
        PU( 5489,3125);
        PD( 5475,3083);
        PU( 5475,3083);
        PD( 5475,3055);
        PU( 5334,3069);
        PD( 5404,2998);
        PU( 5404,2998);
        PD( 5517,3111);
        PU( 5517,3111);
        PD( 5446,3182);
        PU( 5446,3182);
        PD( 5334,3069);
        PU( 5418,3097);
        PD( 5446,3069);
        PU( 5446,3069);
        PD( 5489,3097);
        PU( 5489,3097);
        PD( 5446,3139);
        PU( 5446,3139);
        PD( 5418,3097);
        PU( 5672,2674);
        PD( 5672,2575);
        PU( 5672,2575);
        PD( 5686,2533);
        PU( 5686,2533);
        PD( 5743,2519);
        PU( 5743,2519);
        PD( 5969,2519);
        PU( 5969,2519);
        PD( 6011,2533);
        PU( 6011,2533);
        PD( 6025,2575);
        PU( 6025,2575);
        PD( 6025,2773);
        PU( 6025,2773);
        PD( 6011,2815);
        PU( 6011,2815);
        PD( 5969,2843);
        PU( 5969,2843);
        PD( 5743,2843);
        PU( 5743,2843);
        PD( 5686,2815);
        PU( 5686,2815);
        PD( 5672,2773);
        PU( 5672,2773);
        PD( 5672,2674);
        PU( 5700,2533);
        PD( 5700,2815);
        PU( 5700,2730);
        PD( 5997,2730);
        PU( 5715,2617);
        PD( 6011,2617);
        PU( 5842,2730);
        PD( 5842,2617);
        PU( 1129,3386);
        PD( 1199,3386);
        PU( 1199,3386);
        PD( 1199,3739);
        PU( 1199,3739);
        PD( 1129,3739);
        PU( 1129,3739);
        PD( 1129,3386);
        PU( 1129,4812);
        PD( 1199,4812);
        PU( 1199,4812);
        PD( 1199,5164);
        PU( 1199,5164);
        PD( 1129,5164);
        PU( 1129,5164);
        PD( 1129,4812);
        PU( 3273,6103);
        PD( 3273,5341);
        PU( 3273,5341);
        PD( 4641,5341);
        PU( 4641,5341);
        PD( 4641,4367);
        PU( 4641,4367);
        PD( 5163,4367);
        PU( 5163,4367);
        PD( 5163,6103);
        PU( 5163,6103);
        PD( 3273,6103);
        PU( 3893,5750);
        PD( 4274,5750);
        PU( 4274,5750);
        PD( 4274,6074);
        PU( 4274,6074);
        PD( 3893,6074);
        PU( 3893,6074);
        PD( 3893,5750);
        PU( 3978,5834);
        PD( 4190,5834);
        PU( 4190,5834);
        PD( 4190,6103);
        PU( 4190,6103);
        PD( 3978,6103);
        PU( 3978,6103);
        PD( 3978,5834);
        PU( 4190,5834);
        PD( 4246,5778);
        PU( 4246,5778);
        PD( 3922,5778);
        PU( 3922,5778);
        PD( 3978,5834);
        PU( 3978,5834);
        PD( 4190,5834);
        PU( 3922,5707);
        PD( 4246,5707);
        PU( 4246,5707);
        PD( 4246,5764);
        PU( 4246,5764);
        PD( 3922,5764);
        PU( 3922,5764);
        PD( 3922,5707);
        PU( 4133,5905);
        PD( 4133,6046);
        PU( 4077,5905);
        PD( 4077,6046);
        PU( 4020,5905);
        PD( 4020,6046);
        PU( 3851,5510);
        PD( 4317,5510);
        PU( 4317,5510);
        PD( 4317,5679);
        PU( 4317,5679);
        PD( 3851,5679);
        PU( 3851,5679);
        PD( 3851,5510);
        PU( 3893,5538);
        PD( 4274,5538);
        PU( 4274,5538);
        PD( 4274,5651);
        PU( 4274,5651);
        PD( 3893,5651);
        PU( 3893,5651);
        PD( 3893,5538);
        PU( 3719,5517);
        PD( 3679,5523);
        PD( 3645,5530);
        PD( 3616,5538);
        PD( 3594,5547);
        PD( 3579,5557);
        PD( 3570,5567);
        PD( 3569,5578);
        PD( 3577,5588);
        PU( 3577,5588);
        PD( 3591,5599);
        PD( 3613,5608);
        PD( 3641,5616);
        PD( 3674,5623);
        PD( 3711,5629);
        PD( 3753,5633);
        PD( 3797,5636);
        PD( 3844,5637);
        PU( 3710,5383);
        PD( 3781,5454);
        PU( 3781,5454);
        PD( 3668,5566);
        PU( 3668,5566);
        PD( 3597,5496);
        PU( 3597,5496);
        PD( 3710,5383);
        PU( 3668,5454);
        PD( 3710,5496);
        PU( 3710,5496);
        PD( 3668,5524);
        PU( 3668,5524);
        PD( 3639,5496);
        PU( 3639,5496);
        PD( 3668,5454);
        PU( 4966,4607);
        PD( 4994,4607);
        PU( 4994,4607);
        PD( 4994,4889);
        PU( 4994,4889);
        PD( 4966,4889);
        PU( 4966,4889);
        PD( 4966,4607);
        PU( 4909,4579);
        PD( 5036,4579);
        PU( 5036,4579);
        PD( 5036,4931);
        PU( 5036,4931);
        PD( 4909,4931);
        PU( 4909,4931);
        PD( 4909,4579);
        PU( 4754,4522);
        PD( 5079,4522);
        PU( 5079,4522);
        PD( 5079,4974);
        PU( 5079,4974);
        PD( 4754,4974);
        PU( 4754,4974);
        PD( 4754,4522);
        PU( 4938,4903);
        PD( 4938,4607);
        PU( 4980,4988);
        PD( 5036,4988);
        PU( 4796,4586);
        PD( 4867,4586);
        PU( 4867,4586);
        PD( 4867,4938);
        PU( 4867,4938);
        PD( 4796,4938);
        PU( 4796,4938);
        PD( 4796,4586);
        PU( 8834,4247);
        PD( 8904,4247);
        PU( 8904,4247);
        PD( 8904,5009);
        PU( 8904,5009);
        PD( 8834,5009);
        PU( 8834,5009);
        PD( 8834,4247);
        PU( 8834,4240);
        PD( 8354,4240);
        PU( 8354,4247);
        PD( 8356,4285);
        PD( 8363,4323);
        PD( 8374,4360);
        PD( 8390,4396);
        PD( 8410,4430);
        PD( 8433,4462);
        PD( 8461,4493);
        PD( 8492,4521);
        PU( 8492,4521);
        PD( 8527,4547);
        PD( 8564,4570);
        PD( 8604,4589);
        PD( 8646,4606);
        PD( 8689,4618);
        PD( 8734,4628);
        PD( 8780,4633);
        PD( 8827,4635);
        PU( 8834,5017);
        PD( 8354,5017);
        PU( 8827,4636);
        PD( 8780,4638);
        PD( 8734,4643);
        PD( 8689,4652);
        PD( 8646,4665);
        PD( 8604,4680);
        PD( 8564,4699);
        PD( 8527,4721);
        PD( 8492,4746);
        PU( 8492,4746);
        PD( 8461,4773);
        PD( 8433,4803);
        PD( 8410,4834);
        PD( 8390,4867);
        PD( 8374,4901);
        PD( 8363,4937);
        PD( 8356,4973);
        PD( 8354,5010);
        PU( 7133,5411);
        PD( 7171,5415);
        PD( 7207,5427);
        PD( 7239,5445);
        PD( 7267,5469);
        PD( 7291,5498);
        PD( 7308,5532);
        PD( 7319,5569);
        PD( 7323,5609);
        PU( 7323,5609);
        PD( 7319,5649);
        PD( 7308,5686);
        PD( 7291,5719);
        PD( 7267,5748);
        PD( 7239,5773);
        PD( 7207,5791);
        PD( 7171,5802);
        PD( 7133,5806);
        PU( 7133,5806);
        PD( 7094,5802);
        PD( 7058,5791);
        PD( 7026,5773);
        PD( 6998,5748);
        PD( 6975,5719);
        PD( 6957,5686);
        PD( 6946,5649);
        PD( 6942,5609);
        PU( 6942,5609);
        PD( 6946,5569);
        PD( 6957,5532);
        PD( 6975,5498);
        PD( 6998,5469);
        PD( 7026,5445);
        PD( 7058,5427);
        PD( 7094,5415);
        PD( 7133,5411);
        PU( 7133,5771);
        PD( 7165,5772);
        PD( 7196,5775);
        PD( 7223,5779);
        PD( 7247,5785);
        PD( 7267,5793);
        PD( 7282,5801);
        PD( 7292,5810);
        PD( 7295,5820);
        PU( 7295,5820);
        PD( 7292,5830);
        PD( 7282,5840);
        PD( 7267,5848);
        PD( 7247,5855);
        PD( 7223,5861);
        PD( 7196,5866);
        PD( 7165,5869);
        PD( 7133,5870);
        PU( 7133,5870);
        PD( 7100,5869);
        PD( 7069,5866);
        PD( 7042,5861);
        PD( 7018,5855);
        PD( 6998,5848);
        PD( 6983,5840);
        PD( 6974,5830);
        PD( 6970,5820);
        PU( 6970,5820);
        PD( 6974,5810);
        PD( 6983,5801);
        PD( 6998,5793);
        PD( 7018,5785);
        PD( 7042,5779);
        PD( 7069,5775);
        PD( 7100,5772);
        PD( 7133,5771);
        PU( 7069,5870);
        PD( 7182,5870);
        PU( 7182,5870);
        PD( 7182,5912);
        PU( 7182,5912);
        PD( 7069,5912);
        PU( 7069,5912);
        PD( 7069,5870);
        PU( 6547,5644);
        PD( 6350,5644);
        PU( 6350,5644);
        PD( 6350,5065);
        PU( 6350,5065);
        PD( 8057,5065);
        PU( 8057,5065);
        PD( 8057,6110);
        PU( 8057,6110);
        PD( 7591,6110);
        PU( 7591,6110);
        PD( 7591,5644);
        PU( 7591,5644);
        PD( 6547,5644);
        PU( 6406,5644);
        PD( 6406,5122);
        PU( 6406,5122);
        PD( 7999,5122);
        PU( 7999,5122);
        PD( 7999,6053);
        PU( 7999,6053);
        PD( 7591,6053);
        PU( 8106,508);
        PD( 8128,510);
        PD( 8147,516);
        PD( 8165,526);
        PD( 8181,539);
        PD( 8194,555);
        PD( 8204,573);
        PD( 8210,592);
        PD( 8212,614);
        PU( 8212,614);
        PD( 8210,635);
        PD( 8204,655);
        PD( 8194,673);
        PD( 8181,689);
        PD( 8165,702);
        PD( 8147,711);
        PD( 8128,717);
        PD( 8106,720);
        PU( 8106,720);
        PD( 8085,717);
        PD( 8065,711);
        PD( 8047,702);
        PD( 8031,689);
        PD( 8018,673);
        PD( 8009,655);
        PD( 8003,635);
        PD( 8000,614);
        PU( 8000,614);
        PD( 8003,592);
        PD( 8009,573);
        PD( 8018,555);
        PD( 8031,539);
        PD( 8047,526);
        PD( 8065,516);
        PD( 8085,510);
        PD( 8106,508);
        PU( 6857,1086);
        PD( 7993,1086);
        PU( 7993,1086);
        PD( 7993,1351);
        PU( 7993,1351);
        PD( 6857,1351);
        PU( 6857,1351);
        PD( 6857,1086);
        PU( 1622,423);
        PD( 3028,423);
        PU( 3028,423);
        PD( 3028,688);
        PU( 3028,688);
        PD( 1622,688);
        PU( 1622,688);
        PD( 1622,423);
        PU( 2060,4191);
        PD( 4064,4191);
        PU( 4064,4191);
        PD( 4064,4483);
        PU( 4064,4483);
        PD( 2060,4483);
        PU( 2060,4483);
        PD( 2060,4191);
        PU( 7069,4078);
        PD( 7756,4078);
        PU( 7756,4078);
        PD( 7756,4356);
        PU( 7756,4356);
        PD( 7069,4356);
        PU( 7069,4356);
        PD( 7069,4078);
        PU( 7126,2991);
        PD( 7126,2979);
        PD( 7128,2966);
        PD( 7131,2954);
        PD( 7135,2943);
        PD( 7141,2932);
        PD( 7147,2921);
        PD( 7154,2911);
        PD( 7163,2902);
        PU( 7163,2902);
        PD( 7172,2893);
        PD( 7182,2886);
        PD( 7193,2879);
        PD( 7204,2874);
        PD( 7216,2870);
        PD( 7228,2867);
        PD( 7240,2865);
        PD( 7253,2864);
        PU( 7253,2864);
        PD( 7351,2864);
        PU( 7351,2864);
        PD( 7364,2865);
        PD( 7376,2867);
        PD( 7388,2870);
        PD( 7400,2874);
        PD( 7411,2879);
        PD( 7422,2886);
        PD( 7432,2893);
        PD( 7441,2902);
        PU( 7441,2902);
        PD( 7450,2911);
        PD( 7457,2921);
        PD( 7463,2932);
        PD( 7469,2943);
        PD( 7473,2954);
        PD( 7476,2966);
        PD( 7478,2979);
        PD( 7478,2991);
        PU( 7478,2991);
        PD( 7478,3499);
        PU( 7478,3499);
        PD( 7478,3512);
        PD( 7476,3524);
        PD( 7473,3536);
        PD( 7469,3548);
        PD( 7463,3559);
        PD( 7457,3570);
        PD( 7450,3580);
        PD( 7441,3589);
        PU( 7441,3589);
        PD( 7432,3598);
        PD( 7422,3605);
        PD( 7411,3611);
        PD( 7400,3617);
        PD( 7388,3621);
        PD( 7376,3624);
        PD( 7364,3626);
        PD( 7351,3626);
        PU( 7351,3626);
        PD( 7253,3626);
        PU( 7253,3626);
        PD( 7240,3626);
        PD( 7228,3624);
        PD( 7216,3621);
        PD( 7204,3617);
        PD( 7193,3611);
        PD( 7182,3605);
        PD( 7172,3598);
        PD( 7163,3589);
        PU( 7163,3589);
        PD( 7154,3580);
        PD( 7147,3570);
        PD( 7141,3559);
        PD( 7135,3548);
        PD( 7131,3536);
        PD( 7128,3524);
        PD( 7126,3512);
        PD( 7126,3499);
        PU( 7126,3499);
        PD( 7126,2991);
        PU( 8819,529);
        PD( 8565,529);
        PU( 8565,529);
        PD( 8565,1601);
        PU( 8565,1601);
        PD( 8819,1601);
        PU( 6505,5249);
        PD( 7850,5249);
        PU( 7850,5249);
        PD( 7850,5514);
        PU( 7850,5514);
        PD( 6505,5514);
        PU( 6505,5514);
        PD( 6505,5249);
        PU( 5238,6166);
        PD( 5238,4431);
        PU( 5238,4431);
        PD( 6153,4431);
        PU( 6153,4431);
        PD( 6153,2286);
        PU( 6153,2286);
        PD( 6633,1806);
        PU( 6633,1806);
        PD( 8834,1806);
        PU( 8834,1806);
        PD( 8834,1764);
        PU( 8834,1764);
        PD( 8834,1764);
        PU( 5432,4431);
        PD( 5940,4431);
        PU( 5940,4431);
        PD( 5940,4514);
        PU( 5940,4514);
        PD( 5432,4514);
        PU( 5432,4514);
        PD( 5432,4431);
        PU( 5432,5022);
        PD( 5432,4514);
        PU( 5432,5022);
        PD( 5483,5020);
        PD( 5532,5012);
        PD( 5580,5000);
        PD( 5627,4984);
        PD( 5672,4962);
        PD( 5714,4937);
        PD( 5754,4907);
        PD( 5792,4873);
        PU( 5792,4873);
        PD( 5825,4836);
        PD( 5855,4796);
        PD( 5880,4753);
        PD( 5902,4709);
        PD( 5918,4662);
        PD( 5930,4614);
        PD( 5938,4565);
        PD( 5940,4514);
        PU( 5743,423);
        PD( 6486,423);
        PU( 6486,423);
        PD( 6486,674);
        PU( 6486,674);
        PD( 5743,674);
        PU( 5743,674);
        PD( 5743,423);
        PU( 6279,2712);
        PD( 6280,2699);
        PD( 6281,2687);
        PD( 6284,2675);
        PD( 6289,2663);
        PD( 6294,2652);
        PD( 6300,2641);
        PD( 6308,2631);
        PD( 6316,2622);
        PU( 6316,2622);
        PD( 6325,2614);
        PD( 6335,2606);
        PD( 6346,2600);
        PD( 6357,2595);
        PD( 6369,2590);
        PD( 6381,2587);
        PD( 6393,2585);
        PD( 6406,2585);
        PU( 6406,2585);
        PD( 6603,2585);
        PU( 6603,2585);
        PD( 6616,2585);
        PD( 6628,2587);
        PD( 6640,2590);
        PD( 6652,2595);
        PD( 6663,2600);
        PD( 6674,2606);
        PD( 6684,2614);
        PD( 6693,2622);
        PU( 6693,2622);
        PD( 6702,2631);
        PD( 6709,2641);
        PD( 6716,2652);
        PD( 6721,2663);
        PD( 6725,2675);
        PD( 6728,2687);
        PD( 6730,2699);
        PD( 6730,2712);
        PU( 6730,2712);
        PD( 6730,3812);
        PU( 6730,3812);
        PD( 6730,3825);
        PD( 6728,3837);
        PD( 6725,3849);
        PD( 6721,3861);
        PD( 6716,3872);
        PD( 6709,3883);
        PD( 6702,3893);
        PD( 6693,3902);
        PU( 6693,3902);
        PD( 6684,3911);
        PD( 6674,3918);
        PD( 6663,3924);
        PD( 6652,3930);
        PD( 6640,3934);
        PD( 6628,3937);
        PD( 6616,3939);
        PD( 6603,3939);
        PU( 6603,3939);
        PD( 6406,3939);
        PU( 6406,3939);
        PD( 6393,3939);
        PD( 6381,3937);
        PD( 6369,3934);
        PD( 6357,3930);
        PD( 6346,3924);
        PD( 6335,3918);
        PD( 6325,3911);
        PD( 6316,3902);
        PU( 6316,3902);
        PD( 6308,3893);
        PD( 6300,3883);
        PD( 6294,3872);
        PD( 6289,3861);
        PD( 6284,3849);
        PD( 6281,3837);
        PD( 6280,3825);
        PD( 6279,3812);
        PU( 6279,3812);
        PD( 6279,2712);
        PU( 6378,2782);
        PD( 6378,2770);
        PD( 6380,2757);
        PD( 6383,2745);
        PD( 6387,2734);
        PD( 6393,2723);
        PD( 6399,2712);
        PD( 6406,2702);
        PD( 6415,2693);
        PU( 6415,2693);
        PD( 6424,2684);
        PD( 6434,2677);
        PD( 6445,2670);
        PD( 6456,2665);
        PD( 6468,2661);
        PD( 6480,2658);
        PD( 6492,2656);
        PD( 6505,2655);
        PU( 6505,2655);
        PD( 6730,2655);
        PU( 6730,2655);
        PD( 6743,2656);
        PD( 6755,2658);
        PD( 6767,2661);
        PD( 6779,2665);
        PD( 6790,2670);
        PD( 6801,2677);
        PD( 6811,2684);
        PD( 6820,2693);
        PU( 6820,2693);
        PD( 6829,2702);
        PD( 6836,2712);
        PD( 6842,2723);
        PD( 6848,2734);
        PD( 6852,2745);
        PD( 6855,2757);
        PD( 6857,2770);
        PD( 6857,2782);
        PU( 6857,2782);
        PD( 6857,3728);
        PU( 6857,3728);
        PD( 6857,3740);
        PD( 6855,3753);
        PD( 6852,3765);
        PD( 6848,3776);
        PD( 6842,3788);
        PD( 6836,3798);
        PD( 6829,3808);
        PD( 6820,3818);
        PU( 6820,3818);
        PD( 6811,3826);
        PD( 6801,3833);
        PD( 6790,3840);
        PD( 6779,3845);
        PD( 6767,3849);
        PD( 6755,3852);
        PD( 6743,3854);
        PD( 6730,3855);
        PU( 6730,3855);
        PD( 6505,3855);
        PU( 6505,3855);
        PD( 6492,3854);
        PD( 6480,3852);
        PD( 6468,3849);
        PD( 6456,3845);
        PD( 6445,3840);
        PD( 6434,3833);
        PD( 6424,3826);
        PD( 6415,3818);
        PU( 6415,3818);
        PD( 6406,3808);
        PD( 6399,3798);
        PD( 6393,3788);
        PD( 6387,3776);
        PD( 6383,3765);
        PD( 6380,3753);
        PD( 6378,3740);
        PD( 6378,3728);
        PU( 6378,3728);
        PD( 6378,2782);
        PU( 6378,3065);
        PD( 6857,3065);
        PU( 6378,3476);
        PD( 6857,3476);
        PU( 7168,3132);
        PD( 7478,3132);
        PU( 7154,3429);
        PD( 7478,3429);
        PU( 8254,2490);
        PD( 8212,2519);
        PU( 8212,2519);
        PD( 8184,2575);
        PU( 8184,2575);
        PD( 8170,2646);
        PU( 8170,2646);
        PD( 8184,2716);
        PU( 8184,2716);
        PD( 8212,2773);
        PU( 8212,2773);
        PD( 8381,2942);
        PU( 8381,2942);
        PD( 8438,2984);
        PU( 8438,2984);
        PD( 8508,2998);
        PU( 8508,2998);
        PD( 8579,2984);
        PU( 8579,2984);
        PD( 8635,2942);
        PU( 8635,2942);
        PD( 8706,2871);
        PU( 8706,2871);
        PD( 8748,2815);
        PU( 8748,2815);
        PD( 8762,2744);
        PU( 8762,2744);
        PD( 8748,2674);
        PU( 8748,2674);
        PD( 8706,2617);
        PU( 8706,2617);
        PD( 8537,2448);
        PU( 8537,2448);
        PD( 8480,2420);
        PU( 8480,2420);
        PD( 8410,2406);
        PU( 8410,2406);
        PD( 8339,2420);
        PU( 8339,2420);
        PD( 8283,2448);
        PU( 8283,2448);
        PD( 8254,2490);
        PU( 8283,2575);
        PD( 8226,2632);
        PU( 8226,2632);
        PD( 8198,2702);
        PU( 8198,2702);
        PD( 8226,2759);
        PU( 8226,2759);
        PD( 8395,2928);
        PU( 8395,2928);
        PD( 8466,2956);
        PU( 8466,2956);
        PD( 8522,2928);
        PU( 8522,2928);
        PD( 8635,2815);
        PU( 8635,2815);
        PD( 8664,2759);
        PU( 8664,2759);
        PD( 8635,2688);
        PU( 8635,2688);
        PD( 8466,2519);
        PU( 8466,2519);
        PD( 8395,2490);
        PU( 8395,2490);
        PD( 8339,2519);
        PU( 8339,2519);
        PD( 8283,2575);
        PU( 6982,2160);
        PD( 6971,2209);
        PU( 6971,2209);
        PD( 6989,2269);
        PU( 6989,2269);
        PD( 7028,2330);
        PU( 7028,2330);
        PD( 7087,2371);
        PU( 7087,2371);
        PD( 7147,2392);
        PU( 7147,2392);
        PD( 7386,2397);
        PU( 7386,2397);
        PD( 7456,2388);
        PU( 7456,2388);
        PD( 7517,2349);
        PU( 7517,2349);
        PD( 7558,2290);
        PU( 7558,2290);
        PD( 7569,2221);
        PU( 7569,2221);
        PD( 7571,2121);
        PU( 7571,2121);
        PD( 7562,2051);
        PU( 7562,2051);
        PD( 7524,1990);
        PU( 7524,1990);
        PD( 7464,1949);
        PU( 7464,1949);
        PD( 7395,1938);
        PU( 7395,1938);
        PD( 7155,1933);
        PU( 7155,1933);
        PD( 7095,1952);
        PU( 7095,1952);
        PD( 7035,1991);
        PU( 7035,1991);
        PD( 6994,2050);
        PU( 6994,2050);
        PD( 6972,2109);
        PU( 6972,2109);
        PD( 6982,2160);
        PU( 7061,2201);
        PD( 7059,2281);
        PU( 7059,2281);
        PD( 7088,2351);
        PU( 7088,2351);
        PD( 7147,2372);
        PU( 7147,2372);
        PD( 7387,2377);
        PU( 7387,2377);
        PD( 7457,2348);
        PU( 7457,2348);
        PD( 7478,2289);
        PU( 7478,2289);
        PD( 7481,2129);
        PU( 7481,2129);
        PD( 7462,2069);
        PU( 7462,2069);
        PD( 7393,2038);
        PU( 7393,2038);
        PD( 7154,2033);
        PU( 7154,2033);
        PD( 7083,2062);
        PU( 7083,2062);
        PD( 7062,2121);
        PU( 7062,2121);
        PD( 7061,2201);
        PU( 4558,1665);
        PD( 6674,1665);
        PU( 6674,1665);
        PD( 6674,2102);
        PU( 6674,2102);
        PD( 4558,2102);
        PU( 4558,2102);
        PD( 4558,1665);
